1,"My brother, the Gentleman",برادرم این مرد محترم,"The story of Sir Walter Raleigh who spread  his cloak on the ground to keep Queen Elizabeth from the hardship of crossing a muddy puddle can qualify that nobleman for an award as a man of tact and good breeding. My brother Kenny, a bachelor with a keen interest in history, was impressed by that anecdote and thought he might demonstrate his excellent upbringing in a parallel situation.","داستان "" سر والتر رالی"" که شنل خود را روی زمین پهن کرد تا ملکه را از دشواری عبور از گودالی گل آلود دور نگه دارد می تواند این مرد شریف را بعنوان مردی با درایت و با تربیت شایسته پاداش کند.برادر مجردم ""کنی"" که علاقه شدیدی به تاریخ دارد تحت تاثیر این داستان قرار گرفت و فکر کرد که او هم می تواند در شرایط مشابهی تربیت عالی اش را نشان دهد.در نتیجه تصمیم گرفت در مترو صندلی اش را به نفع خانمی که کنارش ایستاده بود ترک کند.خانم جوان گر چه به چنین رفتار سخاوتمندانه ای عادت نداشت با خوشحالی پیشنهاد مهربانانه ""کنی"" را پذیرفت.اما دوست پسر حسود آن خانم زیر لب ناسزایی گفت زیرا فکر می کرد که برادرم دارد با دوست دخترش لاس می زند.در مورد تعداد افراد جوانی که در نتیجه چنین برخوردهای جوانمردانه ای دچار مشکلات مشابهی می شوند اطلاعی ندارم اما احتمال آن یک در هزار است.بیچاره ""کنی"" او حالا به صندلی اشاره کرد که خالی بود.",,,,,,,,,,
2,Terror in the Cemetery,وحشت در گورستان,"I like to bet on anything that is exciting, so when my friends tried to tempt me with an offer, I took it. The idea was for me to spend a frigid December night in a cemetery, all alone. in order to win twenty dollars. Little did I realize that they would use dirty tricks to try to frighten me to abandon the cemetery and, therefore, lose my wager . My plan was to recline in front of a large grave, covered by a warm blanket, with a flashlight to help me cut through the dismal darkness. After midnight, I heard a wild shriek. I thought I saw the grave open and a corpse rise out of it. Although I was somewhat numb with fear. I tried to keep my senses. Using good judgment, I knew that no peril could come to me from that sinister figure. When I did not run in terror, my friends, who had decided to conceal themselves behind the nearby tombstones, came out and we all had a good laugh Those spirits that may inhabit a cemetery must have had a good laugh, too.","دوست دارم روی هر چیزی که هیجان انگیز باشد شرط بندی کنم. از اینرو زمانیکه دوستانم تلاش کردند مرا با پیشنهادی وسوسه کنند آنرا پذیرفتم. پیشنهاد این بود که یک شب بسیار سرد ماه دسامبر را تک و تنها در قبرستانی سپری کنم تا بیست دلار برنده شوم. خیلی کم متوجه بودم که آنها از حقه های کثیفی استفاده خواهند کرد که مرا بترسانند گورستان را ترک کنم و در نتیجه شرطم را ببازم. نقشه ام این بود که جلوی قبر بزرگی زیر پتویی گرم و با چراغ قوه ای که تاریکی غم انگیز را پشت سر گذارم، دراز بکشم. پس از نیمه شب جیغ وحشیانه ای را شنیدم. فکر کردم که دیدم قبر باز شد و جسدی از آن بیرون آمد. گرچه تا حدی از ترس بی حس شده بودم اما سعی کردم حواسم را جمع کنم. با مراجعه به عقلم پی بردم که هیچ خطری نمی تواند از آن چهره پلید به سمت من بیاید. وقتیکه از ترس فرار نکردم دوستانم که تصمیم گرفته بودند خودشان را پشت سنگ قبرهای اطراف پنهان کنند بیرون آمدند و همگی کلی خندیدیم. لابد ارواحی هم که در آن گورستان سکونت داشتند حسابی خندیده اند",,,,,,,,,,
3,An Unusual Strike,یک اعتصاب عجیب,"The baseball strike of 1994-95, which kept the public from seeing the annual World series, was not atypical labor dispute in which low-paid workers try to persuade their employers to grant a raise above their minimum wage. On the contrary, players who earned millions of dollars yearly, who were visible on TV commercials, drove expensive autos, and dined with presidents, withheld their essential skills until the executive, legislative, and judicial branches of our government were forced to devise solutions to the quarrel. The team owners, a blend of lawyers, manufacturers, corporate executives, etc. felt that something had to be done about the huge salaries that the players were demanding. Since the talent beyond the major leagues was scarce they had to start spring training in 1995 with wholesale invitation to replacement players. The regular athletes returned in late April but there was a feeling that the strike could happen again.","اعتصاب بیس بال سالهای ۱۹۹۴-۱۹۹۵  که مانع شد عموم مردم رقابتهای جهانی سالیانه را ببینند، بحث کارگری معمولی نبود که در آن کارگران با دستمزد پایین تلاش کنند کارفرمایانشان را متقاعد کنند فراتر از حداقل دستمزدشان به آنها ترفیع اعطاء کنند. برعکس بازیکنانی که سالانه میلیونها دلار بدست می آورند، در پیامهای بازرگانی تلویزیونی قابل رویت بودند، اتومبیل گران قیمت سوار می شوند و با روسای جمهور غذا می خورند، در مهارت اصولی شان دریغ کردند تا اینکه قوای مجریه، مقننه و قضایی دولت ما مجبور شدند برای نزاع آنها راه حلهایی را ابداع کنند. صاحبان تیم ها، که ترکیبی از وکلا، تولیدکنندگان، مدیران سازمانها و غیره بودند احساس کردند که باید پیرامون حقوقهای بالایی که بازیکنان تقاضا می کردند کاری انجام شود. از آنجاییکه استعداد، فراتر از لیگ های اصلی نادر بود، مجبور بودند آموزش بهاری سال ۱۹۹۵ را با دعوت گسترده از بازیکنان جایگزین آغاز کنند. ورزشکاران ثابت در اواخر ماه آوریل بازگشتند اما این احساس وجود داشت که اعتصاب ممکن است دوباره اتفاق افتد.",,,,,,,,,,
4,A Fan in the Air,پنکه ای در هوا,"Fog, tiny droplets of water vapor, is the villain of the airports. In an effort to eliminate dense fog from airports, weathermen utilize giant fan, nylon strings, and chemicals dropped from planes or shot upwards from strange machines on the ground. Nothing works as well, though, as a new weapon in the fight against fog: the helicopter. Researchers believe that if warm dry above the fog could somehow be driven down into the humid blanket of fog, the droplets would evaporate. thus clearing the air. In a recent experiment to test their theory the researchers had a helicopter descend into the fog above barely visible Smith Mountain Airport near Roanoke, Virginia. The blades of the helicopter caused the air to circulate downwards and an enormous hole in the clouds opened above the airport. Weathermen predict that with larger, more expensive helicopters they will be able to make the thickest fog vanish.","مه، یعنی قطرات ریز بخار آب، شرارت فرودگاه هاست.کارشناسان هواشناسی به منظور رفع مه غلیظ از فرودگاه ها، از پنکه های بسیار بزرگ، نخ های نایلونی و مواد شیمیایی استفاده می کنند که یا از هواپیما انداخته می شوند و یا از دستگاه های عجیب از زمین به طرف بالا شلیک می شوند.اگر چه، هیچ چیز به خوبی سلاح جدید، یعنی هلیکوپتر، در نبرد علیه مه کارایی ندارد. پژوهشگران بر این باورند که اگر هوای خشک و گرم بالای مه را بتوان بنحوی به پایین و به درون لایه ی مرطوب مه راند، قطرات تبخیر می شوندو از این طریق هوا را صاف می کند.
پژوهشگران در یکی از آزمایشهای اخیر برای سنجش فرضیه خود هلیکوپتری را از بالای فرودگاه” اسمیت ماونتین” نزدیک “رواناک” در “ویرجینیا” که به سختی قابل رویت بود، به درون مه فرود آوردند.پره های هواپیما باعث شد که هوا به پایین پخش شود و در ابرهای بالای فرودگاه سوراخ بزرگی باز شود .متخصصین هواشناسی پیش بینی می کنند که با هلیکوپتر های بزرگتر و گرانتر می توانند باعث ناپدید شدن غلیظ ترین مه شوند.",,,,,,,,,,
5,Shape Up at Shaker,شکل گیری در  شیکر,"Each summer at the Shaker Work Group, a special school in rural Pittsfield, Massachusetts, where teenagers learn by working, it has been a tradition to have the teenagers take on the burden of setting their own rules and living by them. Although there are some adults on the campus, teenagers are a majority. One summer the group assembled to explore the topic of lights-out time. There was little debate until 10:30 P.M. was suggested. Why? Everyone at the Shaker Work Group works a minimum of several hours each morning on one project and several hours each afternoon on another. Since everyone has to get up early, no one wanted to stay up later at night anyway. Few teenagers at the Shaker Work Group try to evade the rules. When one does, the entire group meets to probe the reasons for the villain’s action. Their aim is to reform the rules breaker. However, at Shaker Village, the theory is that teenagers who are busy working will have no time to break rules.","تابستان هر سال در مدرسه ای استثنایی موسوم به گروه کاری  شیکر واقع در «منطقه روستایی پیتز فیلد ماسوچوست»که نوجوانان در آنجا آموزش عملی میبینند، رسم بر این بوده است که خود آنها (نوجوانان) بار مسؤولیت وضع قوانین را بعهده بگیرند و از آنها پیروی نمایند.گرچه در محوطه مدرسه چند فرد بزرگسال وجود دارد، اما اکثراً نوجوان هستند.در یکی از تابستانها گروه اجتماع کردند تا موضوع زمان خاموشی را بررسی کنند.بعد از کمی بحث ساعت۱۰:۳۰ شب پیشنهاد شد. چرا؟ همه نوجوانان گروه کاری “شیکر” هر روز صبح حداقل چند ساعت روی یک پروژه کار می کنند و چند ساعت هر روز بعد از ظهر روی یک پروژه دیگر.به هر ترتیب چون همه باید صبح زود بیدار شوند، هیچ کس نمی خواست شبها دیرتر از این بیدار بماند.از گروه کاری “شیکر”، نوجوانان کمی تلاش می کنند که از قوانین فرار کنند.وقتیکه یک نوجوان اینکار را انجام میدهد، کل گروه جلسه تشکیل می دهد تا علل کارهای فرد خلافکار را بررسی کند.هدف آنها اصلاح فرد قانون شکن است.اما در روستای”شیکر” نظریه این است که نوجوانانی که مشغول کار هستند هیچ وقتی برای قانون شکنی ندارند.",,,,,,,,,,
6,The Health of Your car,سلامت اتومبیل شما,"The newest approach to automobile repair is the clinic, a place where car doctors go over automobile in an attempt to detect defects. Since the clinic does no repairs, its employees do not neglect the truth. many automobile owners feel that mechanics deceive them that the clinics, even though they undoubtedly charge high fees, are quite popular. The experts do a thorough job for each client. They explore every part of the engine, body and brakes, they do all kinds of tests with expensive machines. best of all, the comprehensive examination takes only about half an hour. With the clinic’s report in your hand, no mechanics will be able to defraud you by telling you that you need major repairs when only a small repair is necessary.","جدید ترین شیوه ی تعمیر اتومبیل عبارت است از کلینیک، جاییکه متخصصین اتومبیل به بالا سر اتومبیل می روند و سعی می کنند عیب آن را شناسایی کنند.از آنجاییکه کلینیک هیچ تعمیری را انجام نمی دهد کارمندانش حقیقت را نادیده نمی گیرند.تعداد اتومبیل دارانی که احساس می کنند مکانیک ها آنها را فریب میدهند آنقدر زیاد است که کلینیک ها حتی با اینکه هزینه زیادی می گیرند، کاملاً پرطرفدار شده اند.کارشناسان برای هر مشتری کامل و دقیق کار می کنند.آنها تمام اجزاء موتور، بدنه و ترمز ها را بررسی می کنند و با دستگاه های گران قیمت همه نوع آزمایش انجام می دهند.بهتر از همه اینکه، این بررسی تنها حدود نیم ساعت طول می کشد.وقتیکه گزارش کلینیک در دست شماست هیچ مکانیکی نخواهد توانست وقتیکه تنها به یک تعمیر کوچک نیاز است شما را فریب دهد و به شما بگوید که به تعمیرات عمده نیازمندید.",,,,,,,,,,
7,The Frozen Future,آینده منجمد ,"Doctors are always devising new cures for diseases that kill people. But suppose you are dying from an incurable illness now. If only you could postpone death until a cure was found! Now some people are trying to do just that. One young man consented to having his body frozen and placed in a massive capsule in order to preserve it until doctors find a cure for his disease. Some people have denounced his unique experiment with a torrent of angry words. They resent human attempts to molest the natural order of life and death. There is also a gloomy fear that the world is already overcrowded and that people have to die to make room for those who are about to be born. If the experiment works, unforeseen problems undoubtedly will arise.","پزشکان همواره برای بیماری هایی که مردم را می کشند درمان های جدیدی را ابداع می کنند. اما تصور کنید الان دارید بخاطر بیماری لاعلاجی از بین می روید.ای کاش می توانستید مرگ را تا زمان یافتن درمانی به تاخیر اندازید.اکنون برخی از افراد در تلاشند که همین کار را انجام دهند.مرد جوانی پذیرفت که بدنش را منجمد کنند و داخل محفظه ی بزرگی قرار دهند و آنرا سالم نگه دارند تا زمانی که پزشکان برای بیماری اش درمانی پیدا کنند.برخی از افراد با سیلی از کلمات خشمگین این آزمایش منحصر به فرد را محکوم کرده اند.آنها از تلاش های انسانی برای بر هم زدن روال طبیعی مرگ و زندگی متنفرند.این ترس مبهم نیز وجود دارد که دنیا همین حالا بسیار پرجمعیت است و مردم برای ایجاد فضا برای آنانکه در شرف تولدند، باید بمیرند.",,,,,,,,,,
8,The Guitar,گیتار,"It is impossible to exaggerate the popularity of the guitar  .One out of every four amateur musicians in the United States plays the guitar. Even a mediocre player can produce a variety of music with this unique instrument. Trying to find valid reasons for the guitar’s ability to survive through the years isn’t hard. One weird theory by a prominent musicians states that guitarists find security hiding behind the bulky instrument. But most people are reluctant to accept this idea because there are more obvious reasons for playing a guitar. It can be carried anywhere, it is inexpensive to buy, and only a few lessons are required to learn to play it well.","نمیتوان محبوبیت گیتار را غلو کرد.در ایالات متحده از هر چهار موسیقیدان غیر حرفه ای یک نفر گیتار می نوازد.با این ابزار منحصر به فرد حتی یک نوازنده معمولی می تواند آهنگ های مختلفی را بنوازد.
تلاش برای یافتن علل توانایی پایداری گیتار در طول سال ها دشوار نیست. یک فرضیه عجیب توسط یک موسیقیدان برجسته بیان میکند که نوازندگان گیتار با پنهان شدن پشت این ابزار حجیم امنیت می یابند.اما اکثر افراد مایل به پذیرش این اندیشه نیستند زیرا برای نواختن گیتار دلایل آشکارتری وجود دارد. همه جا می توان آنرا حمل کرد، خرید آن پرهزینه نیست و تنها چند درس لازم است که یاد بگیریم آنرا خوب بنوازیم.",,,,,,,,,,
9,More about the Guitar,اطلاعات بیشتر درباره گیتار,The guitar one of the oldest instruments known to man. It probably originated in the vicinity of china. There were guitars in ancient Egypt and Greece as well but the written history of the guitar starts in Spain in the 13th century. By 1500 the guitar was popular in Italy France and Spain. A French document of that time concludes that many people were playing the guitar. Stradivarius the undeniable king of violin makers could not resist creating a variety of guitars. Also there was no lack of music written for the instrument. Hoyden Schubert and others wrote guitar music. when the great Beethoven was asked to compose music for the guitar He went into a rage and refused but eventually even Beethoven could not ignore the challenge. Legend tells us he finally called the guitar a miniature orchestra. Indeed the guitar does sound like a little orchestra. perhaps that is why in rural areas around the world the guitar has been a source of music for millions to enjoy.,"گیتار یکی از قدیمی ترین ابزارهایی است که برای بشر شناخته شده است. این ابزار احتمالا از حوالی چین نشات گرفته است. در یونان و مصر باستان نیز گیتار وجود داشته است. اما تاریخچه مکتوب گیتار از قرن ۱۳ در اسپانیا شروع می شود. تا سال ۱۵۰۰ گیتار در فرانسه، اسپانیا و ایتالیا معروف شده بود. نتیجه سندی به زبان فرانسه از آن زمان این است که افراد زیادی گیتار می نواختند. استرا دیواریوس استاد مسلم سازندگان ویولن، نتوانست با میل خود برای ساختن گیتارهای مختلف مقابله کند. همچنین موسیقی مکتوب برای این ابزار وجود نداشت. هایدن، شوبرت و دیگران موسیقی گیتار نواختند. زمانیکه از بتهون معروف خواسته شد که برای گیتار موسیقی بسازد عصبانی شد و امتناع ورزید اما سرانجام حتی بتهون نتوانست این چالش را نادیده بگیرد. به گفته روایات وی سرانجام گیتار را ارکستری کوچک نامید. به راستی گیتار همچون ارکستری کوچک به نظر می رسد. شاید به همین خاطر است که در مناطق روستایی سراسر جهان گیتار برای میلیونها نفر یک منبع موسیقی بوده است که از آن لذت می برند",,,,,,,,,,
10,Bet on the Blond,شرط بندی روی مو طلایی ها,"Can women excel as jockeys in big-time horse racing? 
Years ago the feminine touch was kept out of racing, but now at tracks all over the country women mount horses and compete with men, many of whom dread the whole idea. Their masculine image, they feel, may be threatened. Also, some offer the weak argument that females are a menace on the track. But, as we all know, we should resist* the tendency to underestimate the power of women. A few female jockeys have been victorious in numerous races, and this is probably what has put the male jockeys in a rage. It would be wise if the men were more flexible in their attitudes toward women athletes.","آیا خانم ها می توانند در رقابتهای سوارکاری به عنوان سوارکاران حرفه ای برتری پیدا کنند؟تا چندی پیش ,از ارتباط زنان در مسابقات جلوگیری می شد.اما اکنون در پیست های سراسر کشور خانمها سوار اسب می شوند و با آقایان مسابقه می دهند که بسیاری از آقایون از این اندیشه وحشت دارند. آقایان احساس می کنند که وجهه مردانگی آنها ممکن است از بین برود. برخی نیز این استدلال ضعیف را ارائه می کنند که خانمها در پیست تهدیدی هستد. اما همانگونه که همه ما می دانیم باید در برابر روند ضعیف سازی قدرت زنان مقاومت کنیم. چند سوار کار زن در مسابقات متعددی پیروز شده اند و شاید همین امر است که سوارکاران مذکر را خشمگین کرده است. عاقلانه است که آقایان در برخوردشان نسبت به ورزشکاران زن انعطاف پذیرتر باشند.",,,,,,,,,,
11,The Famous Monster of the lake,هیولای معروف دریاچه,"There seems to be more and more evidence that the enormous  monster in Loch Ness, a solitary lake in Scotland, is more than a vision. Each year there are numerous  glimpses of the monster by visitors and neighborhood people; also recent films, not easy to ignore,  are making even scientists hesitate. The story of frequent visits by a monster once seemed absurd to them, but now they are not so sure.
Yet the conflict is far from over. Those who believe the monster exists are still in the minority, and they are constantly competing  for more information to prove that the Loch Ness monster is not a fiction. Even now they are trying to get more and clearer moving pictures of what has become the famous inhabitant of the lake. Perhaps the question of whether the monster exists or not will be answered in this coming decade.",بنظر شواهد روز افزونی وجود دارد که هیولای عظیم الجثه  دریاچه دور افتاده ی لاچ نس اسکاتلند چیزی بیش از تصور و خیال است. هر ساله بازدید کنندگان و افراد محلی متعددی این هیولا را اجمالی می بینند. فیلم های اخیر نیز که تردید می اندازند. داستان بازدیدهای مکرر توسط هیولا زمانی برای دانشمندان مسخره به نظر می رسید. اما حالا خیلی مطمئن نیستند. با این وجود تا اتمام جنگ و جدال فاصله زیادی وجود دارد.آنانکه به وجود هیولا اعتقاد دارند هنوز در اقلیت هستند و دائم برای اطلاعات بیشتر در رقابت هستند تا ثابت کنند که هیولای لاچ نس قصه نیست. حتی اکنون در تلاشند که فیلم های واضع تری را از چیزی بگیرند که ساکن معروف دریاچه شده است. شاید این سوال که آیا هیولا وجود دارد یا نه در دهه ی آینده پاسخ داده شود.,,,,,,,,,,
12,The Electric Auto Is on Its Way,اتومبیل برقی در راه است,"Ignite gasoline and you have noise and smoke; turn on an electric motor and you abolish two headaches that are dreaded by urban populations. Automobile manufacturers are frank about the way their motors pollute the air, and that is why there are frequent  hints that the big companies will soon reveal a practical electric car. So far, lack of knowledge of storing electricity in the car prohibits wide production of electric autos, but recently Congress called urgently for adequate research into the battery or fuel cell problem. Electric autos would be inexpensive to run and would decrease air pollution. It might be weird, however, to live in the quiet surroundings of a city where autos that used to be noisily audible would be whisper-quiet.","با اشتعال بنزین,دود و سروصدا را خواهید داشت. یک موتور برقی را روشن کنید و دو دردسر وحشتناکی را که جمعیت شهری از آن میترسند از بین ببرید. خودروسازان در ای باره که موتورهایشان هوا را آلوده می سازند صادقند و به همین خاطر نشانه های مکرری وجود دارد که شرکتهای بزرگ  بزودی از این نمونه اتومبیل برقی کاربردی پرده بر خواهند  داشت.
تاکنون نا آگاهی از چگونگی ذخیره ی الکتریسیته در اتومبیل مانع از تولید گسترده اتومبیل های برقی شده است اما اخیرا کنگره آمریکا خواهان تحقیق فوری و شایسته درباره ی مشکل باطری یا سوخت سلولی شده است. رانندگی با اتومبیل های برقی کم هزینه است و آلودگی هوا را کاهش می دهد. شاید زندگی در محیط آرام یک شهر,که در آن اتومبیل هایی که زمانی سروصدای زیادی داشتند و الان نجوای آرامی دارند,عجیب باشد.",,,,,,,,,,
13,Flying Saucers Again,باز هم بشقاب پرنده,"Whenever journalists face a news famine they revive the undeniably interesting question: How can we explain UFOs-unidentified flying objects? The story usually commences with a description of the object by some observant night watchman who doesn't hesitate to identify the object as having migrated from outer space. The vessel, he persists, appeared over the hazy lake at about 30 feet. A greenish gleam prohibited him from seeing its exact shape, he admits. Newspaper editors love these stories because they keep the population interested in knowledge about UFOs and keep them buying newspapers.","هرگاه روزنامه نگاران با قحطی خبر مواجه می شوند این سوال را قطعا جالب را احیاء می کنند که چگونه می توان بشقاب پرنده ها یا اشیاء پرنده ناشناخته را توجیه کرد؟ معمولا داستان با توصیف شیء توسط یک نگهبان ناظر شروع می شود که تردیدی ندارد که شیء مورد نظر از فضای خارج مهاجرت کرده است.
نگهبان اصرار دارد که کشتی فضایی در ارتفاع 30پایی دریاچه ی مه آلود ظاهر شد.ناظر اذعان می کند یک نور متمایل به سبز مانع از آن شد که شکل دقیقش را ببیند. ویراستاران روزنامه ها عاشق این داشتان ها هستند  زیرا مردم را علاقه مند به آگاهی درباره بشقاب پرنده ها نگه می دارند و آنها را خریدار روزنامه ها می کنند.",,,,,,,,,,
14,Roller Derby,رولر دربی,"The most unruly game known to man or woman is the Roller Derby. Revived every so often on television, it has no rival for violent, brutal action. The game commences with two teams on roller skates circling a banked, oval track. Then one or two skaters try to break out of the pack and ""lap"" the opponents. When the skater leaves the pack, the brawl begins. No sport can duplicate the vicious shrieking, pushing, elbowing, and fighting, all at high speed while the skaters are whirling around the track. And women are just as much of a menace  as the men. Often considered the underdog, the female skater can thrust a pointed fingernail into the face of a bewildered enemy.","رولر دربی,بی قانون ترین بازی است که هر مرد و زنی می شناسد. این بازی که هر از چند گاه از تلویزیون احیاءمی شوند, از نظر اعمال خشن و وحشیانه هیچ رقیب و نمونه ای ندارد. بازی با دو تیم سوار بر اسکیت های چرخدار که دور یک میدان بیضی شکل و شیب دار حلقه می زنند شروع می شود. سپس یک یا دو اسکیت باز تلاش می کنند که از دسته جدا شده و از حریفان جلو بزنند. وقتیکه اسکیت باز گروه را ترک می کند و نبرد شروع می شود. هیچ ورزشی نمی تواند دقیقا جیغ زدن,هل دادن ,با آرنج زدن و دعوا کردن را نشان دهد. همه این اعمال در حالی انجام می شود که اسکیت بازان با سرعت بالا دور میدان می چرخند.در این بازی زنان درست به اندازه مردان تحدید آمیز هستند. اسکیت باز زن که اغلب بازنده تلقی می شوند می توتند ناخن تیز خود را به صورت دشمن مبهوت فرو کند.",,,,,,,,,,
15,"john Dewey High School; Brooklyn, New York","دبیرستان جان دیویی,بروکلین,نیویورک","The high school of the future may be New York City's John Dewey High School. Located in Brooklyn, this unique school offers an expanded, altered course of study for mature students. The sacred 40 minute period has been abolished and replaced with 20 minute units, so that some classes are 20, 40, 60 or even 80 minutes long. Courses have been revised into seven-week units. In honor study halls, students pledge themselves to quiet study. Generally, the teachers' attitude toward students is casual. Pupils may utilize the cafeteria any time they have no class. Pupils pursue courses they choose themselves. So far the positive reaction is unanimous; everyone senses that the fortunate students at John Dewey High School are pioneers in the thrust to find new ways of teaching and learning. We salute this innovative school.","شاید دبیرستان آینده,دبیرستان جان دیویی شهر نیویورک باشد. این دبیرستان منحصر بفرد که در بروکلین واقع است یک دوره ی تحصیلی گسترده و متفاوتی را برای دانش آموزان بزرگسال ارائه می دهد. دوره های 40 دقیقه ای مرسوم,منسوخ و واحدهای 20 دقیقه ای جایگزین آن شده است بطوریکه طول برخی از کلاسها 20,40,60 ویا حتی 80 دقیقه است. دوره ها به واحدهای هفت هفته ای اصلاح شده اند. در سالن های مطالعه افتخاری ,دانش آموزان متعهد می شوند که در آرامش مطالعه کنند.عموما نگرش معلمان نسبت به دانش آموزان خودمانی است. دانش آموزان می توانند هر زمان که کلاس ندارند از کافه تریا استفاده کنند. دانش آموزاندوره هایی را دنبال می کنند که خودشان انتخاب می کنند. تاکنون واکنش مثبت مورد قبول همه است.همه احساس می کنند که دانش آموزان خوش شانس دبیرستان جان دیویی در حرکت بسوی شیوه های جدید تدریس و یادگیری پیشگام هستند. ما به این مدرسه نوآور درود می فرستیم.",,,,,,,,,,
16,A Valuable Discovery,کشفی ارزشمند,"The laser is a marvelous device that sends out a slender, concentrated beam of light, a light that surpasses the light at the sun's surface. So vast is the laser beam's power that it has without a doubt the capacity to vaporize any substance located anywhere on earth. The laser can penetrate steel, pierce a diamond, or make an accurate die for wire so thin that it can be seen only with a microscope. Grateful eye surgeons report that they have used laser beams to repair the retinas in some fortunate patients by creating tiny scars that joined the retina to the eyeball. Pioneering medical men are making cautious exploration into cancer cures with the laser, confident that they will alter the course of this brutal  disease.","لیزر ابزاری جدید شگفت انگیزی است که پرتو نوری باریک و متمرکزی را تولید می کند. نوری که از نور سطح خورشید برتر است.بی شک قدرت لیزر به قدری وسیع است که توتن تبخیر مادهای واقع در هر نقطه از زمین را داراست. لیزر می تواند به فولاد نفوز کند الماس را سوراخ کند و برای سیم بسیار نازک حدیده ای بسازد که تنها میکروسکوپ می توان آنرا دید.
جراحان قدرشناس چشم گذارش می کنند که در بعضی از بیماران خوش شانس با ایجاد زخمهای بسیار کوچکی که شبکیه را به تخم چشم متصل می کند برای ترمیم شبکیه از پرتوهای لیزری استفاده کرده اند. پزشکان پیشگام روی درمان سرطان با لیزر کاوش انجام می دهند و مطمئن هستند که روال اینبیماری کشنده را تغییر خواهند داد.",,,,,,,,,,
17,A Cup of Coffee?,یک فنجان قهوه ؟,"The drink with the most appeal for Americans is still coffee, but coffee addicts had better be wary of the instant forms. Greedy for customers and confident they won't lose them, companies will put their product in any instant form-liquid, powder, chips-and the coffee drinker, aware of his misfortune, finds it hard to avoid some of the more wretched instant products. The harsh fact is that an enormous quantity of instant coffee is being sold, no doubt, to nourish the popular demand for convenience. A keg of real coffee may become a museum piece as more and more people opt for instant coffee.","نوشیدنی که هنوز بیشترین لذت را برای آمریکایی ها دارد قهوه است. اما بد نیست معتادان,مراقب گونه های فوری آن باشند. کمپانی ها که حرص مشتری می زنند و می خواهند مطمئن شوند که این مشتریها را از دست نخواهند داد,محصولاتشان را به هر شکل فوری ارائه خواهند کرد مایع,پودر, وخرد شده. و نوشنده ی قهوه که از بدشانسی خود آکاه است برایش دشوار است که از برخی از محصولات فوری تاسف بار پرهیز کند.
بی تردید واقعیت تلخ این است که مقدار وسیعی از قهوه ی فوری برای تامین نیاز عوام به راحتی فروخته می شود. چون افراد بیشتری قهوه آماده را انتخاب می کنند, یک بشکه قهوه ای واقعی ممکن است به قطعه ای برای موزه ها تحویل شود.",,,,,,,,,,
18,The Challenge* of the Small Car,چالش اتومبیل کوچک,"The auto makers in Detroit barely survived the tragedy of 1956. That was the year the consumer became aware of the Volkswagen, and the auto market was forever altered. Once Americans got a glance at this low-priced, nimble, small car that one could manipulate so easily, they frequently refused those horrid Detroit monsters with eight cylinders and ten miles to each gallon of gasoline. Many pedestrians, previously uninterested in owning a car, began to purchase small foreign cars. Conservative as well as reckless drivers found the price within their budget and became customers. Volkswagen owners would rave about their economical cars, telling everyone how little gas they used and how infrequently they needed to be lubricated. Volkswagen, once one of the most popular small cars sold in America, has now fallen behind the autos of the ingenious Japanese manufacturers.","اتومبیل سازان دترویت بسختی می توانستند از واقعهغم انگیز سال 1956 جان به در برند. سال 1956 سالی بود که مصرف کنندگان از فلوکس آگاه شدند و بازار اتومبیل برای همیشه دگرگون شد. وقتیکه آمریکایی ها به اتومبیل ارزان قیمت,چالاک و کوپک نگاه کردند که شخص به راحتی می تواند کنترل کند آن هیولای وحشتناک دترویتی هشت سیلندری را که در ده مایل یک گالن بنزین می خواست رد کردند. بسیاری از عابرین پیاده که قبلا به داشتن اتومبیل علاقه ای نداشتند شروع به خریدن اتومبیل های خارجی کردند. رانندگان محتاط و بی پروا قیمت این اتومبیل ها را در حیطه ی بودجه ی خود یافتند و مشتری شدند.
دارندگان فلوکس واگن در مورد اتومبیل های مقرون به صرفه شان غلو می کردند وبه همه می گفتند چقدر این ماشین ها بنزین کمی مصرف می کنند و اینکه چقدر کم این اتومبیل ها نیاز به روغنکاری دارند. فلوکس واگن که زمانی یکی از پر طرفدارترین اتومبیل های کوچکی بود که در آمریکا فروخته می شد اکنون از اتومبیل های تولید کنندگان مبتکر ژاپنی عقب مانده است.",,,,,,,,,,
19,Protecting Our Health,محافظت از سلامتی مان,"Pick an apple, a tomato, a peach-no worms in the harvest. We are familiar with the abundant use of pesticides by farmers, but today's chemists are becoming uneasy. They calculate that there are 45,000 different pesticides, and all of them can be absorbed by the fruit on which they are sprayed. The chemists estimate that every morsel we eat in the future may contain a deadly quota of pesticide. The tragedy will come slowly but the threat is real. These government chemists do not suggest that we ban pesticides. They are cautious and do not easily panic. What is needed, they say, are appropriate, budgeted doses that will not pollute our food.","یک سیب,یک گوجه و یک هلو بچینید که در این برداشت هیج کرمی نباشد.با کاربرد فراوان حشره کش ها توسط کشاورزان آشنا هستیم اما شیمیدانان امروزی نگران هستند.شیمیدانان حساب کرده اند که 45000 آفت کش مختلف وجود دارد. وهمه ی آنها می توتنند جذب میوه ای شوند که روی آنها پاشیده می شوند.شیمیدانان تخمین زده اند که هر لقمه ای که در آینده می خوریم ممکن است دارای مقدار وحشتناکی آفت کش باشد. این واقعه ی غم انگیز به آرامی فرا می رسد اما تهدید آن واقعی است. این شیمیدانان دولتی پیشنهاد نمی کنند که آفت کش ها را ممنوع و قدغن کنیم.آنها محتاتند و براحتی نمی ترسند. آنها می گویند آنچه که مورد نیاز است عبارتست از مقادیر مناسب و کمی که غذای ما را آلود نکند.",,,,,,,,,,
20,A Home Where the Buffalo Roam,آشیانه ای که در آن بوفالوها پرسه می زنند,"Even today in South Dakota a cowboy emerges from behind a jagged rock where he has lingered in ambush waiting for the crafty buffalo to appear. Although not wild-they are raised on vast ranches-the gallant, defiant bison need to be hunted with the same vigor cowboys showed a century ago. For a while, Americans thought the buffalo would perish from the earth; fortunately the buffalo is far from being such a fragile animal. Now more or less captive, the buffalo, an estimated 10,000, are raised for profit by ranchers who prosper from the sale of buffalo meat. When did you devour your last morsel of tasty buffalo burger?","حتی امروزه در داکوتای جنوبی گاو چرانی از پشت صخره های ناهموار ظاهر می شود که در آنجا کمین کرده و منتظر است تا بوفالوی زیرک ظاهر شود. گرچه بوفالوها وحشی نیستند اما در مزارع وسیعی پرورش داده می شوند. بوفالوی سرکش وحشی لازم است با همان نیرو و قدرت شکار شود که گاوچرانها صد سال پیش از خودشات نشان می دادند. برای مدتی,آمریکاییها تصور می کردند که بوفالو از زمین محو و نابود خواهد شد. خوشبختانه بوفالو اصلا به این اندازه حیوان ضعیفی نیست. بوفالو ها اکنون کما بیش زندانی هستند و برای سود تقریبا ده هزار عدد از ای حیوانات توسط گاوچرانانی پرورش داده می شوند که از فروش گوشت آنها درآمد خوبی بدست می آورند. آخرین لغمه گوشت خشمزه بوفالو را که خوردید کی بود؟",,,,,,,,,,
21,Safety in the Air,امنیت در هوا,"The most persistent plea of weary pilots has always been for a machine that would warn them that they were about to collide with an oncoming airplane. Studies of landing patterns confirm that the number of collisions is increasing each year, and pilots verify hundreds of reports of near misses. Recently a system that would electronically anticipate oncoming airplanes was devised, and the pilot's dilemma to dive or to climb, to detour to left or right, may be solved. The system has merit, though, only if every plane is equipped to transmit and receive a signal to and from an oncoming plane. But most aviation experts feel that only a system that watches every airplane in the sky will relieve a problem that tends to baffle everyone who attempts to find a solution.","همواره مصرانه ترین خواهش خلبانان خسته,دستگاهی بوده است که زمانی که در شرف برخورد با هواپیمایی از جلو هستند به آنها هشدار دهد. بررسی های الگوهای فرود تایید می کند که تعداد برخوردها هرساله در حال افزایش است و خلبانان صدها گذارش از برخورد احتمالی را تایید می کنند. اخیرا دستگاهی طراحی شده که به شکل الکترونیکی هواپیماهایی را که از جلو می آیند پیش بینی می کند و شاید معضل خلبانان برای فرود یا صعود و انحراف به چپ یا راست حل شود. این سامانه مزیت دارد تنها به شرطی که هر هواپیما برای ارسال سیگنال به یک هواپیما و دریافت آن از هواپیمایی دیگر مجهز باشد. اما بیشتر کارشناسان هواپیمایی معتقدند که فقط سامانه ای که همه هواپیماهای آسمان را زیر نظر دارد معضلی را حل خواهد کرد که معمولا کسانی را گیج می کند که تلاش می کنند راه حلی را پیدا کنند.",,,,,,,,,,
22,A New Way to Treat Prisoners,شیوه های جدید برای برخورد با زندانیان,"The warden of a prison today will readily acknowledge the new trend in prison reform. In an attempt to provide a different brand of justice for society's delinquents, officials now reject the idea that prison should completely deprive the convict of freedom. Thus, in some prisons inmates are allowed to leave the prison grounds to visit their spouses or to pursue their vocation. Even the more unstable convict who may have committed homicide is not penalized as harshly as before. The hope is that if persons emerge from prison less defiant than they do now, society will be the beneficiary.","امروزه رئیس یک زندان براحتی به روند جدید اصلاحات زندان اعتراف دارد. به منظور ارائه گونه متفاوتی از عدالت برای بزهکاران جامعه,اکنون مسئولین این تصور را نمی پذیرند که زندان باید کاملا متهم را از آزادی محروم کند. از این رو در برخی از زندانها به زندانیها اجازه داده می شود که محوطه زندان را ترک کنند تا به دیدن همسرشان بروند و یا حرفه خود را دنبال کنند. حتی متهم بی ثبات تری که ممکن است مرتکب آدم کشی شده باشد, به شدت گذشته مجازات نمی شود. امید می رود اگر افرادی که از زندان بیرون می آیند کمتر از قبل نافرمان باشند, جامعه سودمند خواهد شد.",,,,,,,,,,
23,Handling Poisonous Snakes,سرو کار با  مار های سمی,"How do the Indian snake charmers handle those live poisonous reptiles without being poisoned?
Visitors to the Hopi Indians rarely leave the reservation without asking. Because Indians forbid any white person from taking part in such a ceremony, scientists could come to one logical answer: before the Indians exhibit the snakes, they proceed to remove the fangs. Yet some scientists verify the fact that all the snakes have fangs. They have a different theory. The Indians take an important precaution: they extract most of the poison prior to the snake dance. Now the Indian can embrace the snake without being poisoned. He will appear valiant because he knows that the snake has only a partial supply of its deadly poison.","کسانی که از سرخپوستان هوپی دیدن می کنند به ندرت این منطقه را بدون پرسش این سوال ترک می کنند که چگونه مارگیران سرخپوست بدون اینکه مسموم شوند از پس آن خزندگان سمی زنده بر می آیند. از آنجاییکه سرخپوستان هر فرد سفید پوستی را از شرکت در این مراسم منع می دارند, دانشمندان می توتنند به یک پاسخ منطقی برسند.قبل از اینکه سرخپوستان مارها را به نمایش بگذارند اقدام به برداشتن نیش آنها می کنند. با این وجود برخی از دانشمندان موید این حقیقت هستند که تمام مارها دندان نیش دلرند. این دانشمندان نظریه ی متفاوتی دارند. سرخپوستان یک اقدام احتیاطی مهم را انجام می دهند, آنها پیش از رقص مار بیشتر زهر را بیرون می کشند.در این حالت مارگیر میتوتند بدون اینکه مسموم شود مار را در آغوش گیرد. مارگیر شجاع به نظر خواهد رسید زیرا می داند که مار فقط مقدار کمی زهر کشنده دارد.",,,,,,,,,,
24,Punishment for Drug Abuse,تنبیه بخاطر سوء استفاده از مواد,"A recent attempt by New Jersey's attorney general to lessen the penalties for use of marijuana has caused fierce arguments around the country. Those who detest the drug users sneer and scowl at the light treatment of offenders. They reject the attorney general's recommendation as lacking a morsel of sense, claiming it would only encourage more drug abuse. They consider the drug addict much like vermin that must be stamped out. Such citizens continually wail for stiffer penalties. Those in favor of a milder approach to the drug problem point to the poor results achieved by prison terms. They feel addicts should be given medical help. Also, in enforcing harsh drug laws, police tend to be viewed as a symbol of unwelcome authority. The problem demands a solution. We cannot remain neutral or unconcerned, nor can we afford to muddle through with ineffective measures, for this is not a trifling matter.","تلاش اخیر دادستان کل نیوجرسی برای کاهش مجازات استفاده از ماری جوانا در سراسر کشور باعث بحثهای شدیدی شده است. آنان که از مصرف کنندگان مواد مخدر متنفرند, از برخورد ملایم با متخطی ها ناراحت شده وآنرا مسخره می کنند.اینگونه افراد توصیه های دادستان کل را رد می کنند بخاطر اینکه فاقد ذره ای عقل و منطق است و ادعا می کنند که این عمل تنها باعث ترغیب سوء استفاده بیشتر از مواد مخدر می شود. آنها معتاد به مواد مخدر را همچون حشره ای موذی تلقی می کنند باید از بین برود.
چنین افرادی دائم برای مجازاتهای سخت تر فریاد می زنند. آنان که هوادار برخورد ملایم تری با مسئله مواد مخدر هستند به نتایج ضعیفی اشاره می کنند که از طریق دوره های زندان بدست آمده است. این افراد معتقدند که باید به معتادان کمک پزشکی داده شود. نیز در اجرای قوانین شدید مواد مخدر,پلیس ممعمولا نماد و سمبل اقتدار ناخواسته تلقی می شود. این مسئله نیاز به راه حل دارد.ما نمی توانیم بی خیال یا بی طرف بمانیم ونمی توانیم با اقدامات بی ثمر به نتیجه برسیم زیرا این مشکل, مسئله کم اهمیتی نیست.",,,,,,,,,,
25,love and Marriage,عشق و ازدواج,"The famous architect Melville Fenton grew tired of matrimony and devised a scheme to free himself of his spouse. He told her he had been engaged by an American company to design its new office building in Paris. Packing his baggage, he left his home and proceeded to cut all his ties with his former life. He changed his name, secured a new job, and quickly forgot his faithful wife. Not having any responsibilities, he began to squander his money and energy. He married another woman, believing he was safe from the law. But his first wife had grown suspicious and resentful. She learned from his employer that he had not gone abroad, that in fact he had left the firm altogether. With a little detective work, she soon discovered her husband's whereabouts. He had become a fugitive from justice and one calamity after another overtook him. He lost his job, became a pauper and was no longer the envy of his acquaintances. Then his second wife grew ill and died. After the collapse of his plans, there was only one logical step for Melville to take. He embraced his wife and asked for her forgiveness. Much to his relief, she decided not to prosecute him for bigamy.","معمار معروف ملویل فنتون از زندگی زناشویی خسته شد و طراحی را ابداع کرد که خودش را از همسرش رها سازد. به همسرش گفت که با یک شرکت آمریکایی قرارداد بسته است که ساختمان اداری جدیدش در پاریس را طراحی کند. پس از بستن اسباب اثاثیه اش, خانه را ترک کرد و برای قطع تمام ارتباطاتش با زندگی قبلی اش اقدام کرد. نامش را تغییر داد,  شغل تازه ای بدست آورد و بسرعت همسر وفادارش را فراموش کرد.
چون هیچ مسئولیتی نداشت, شروع به هدر دادن پول و انرژی خود کرد. با خانم دیگری ازدواج کرد و بر این باور بود که از چنگ قانون در امان است. اما همسر اولش مشکوک و آزرده خاطر شده بود. از کارفرمای شوهرش مطلع شد که شوهرش به خارج نرفته است. مطلع شد که کلا شرکت را ترک کرده است. با کمی کار پلیسی, به زودی محل سوکونت همسرش را کشف کرد. ملویل از چنگال قانون فراری شده بود. مصیبت یکی پس از دیگری بر او آمد. کارش را از دست داد بسیار بدبخت و فقیر شد و دیگر مورد حساسیت آشنایانش نبود. سپس همسر دومش بیمار شد و از بین رفت.
پس از فروپاشی نقشه هایش, برای ملوین فقط یک گام منطقی وجود داشت که می توانست بردارد. همسرش را در آغوش گرفت و از او درخواست عفو وبخشش کرد. برای ملوین بسیار آرامش داشت که همسرش تصمیم گرفت او را بخاطر دو همسره بودن تحت پیگرد قانونی قرار ندهد.",,,,,,,,,,
26,Some Tall Tales,چند داستان بلند,"Do you think it is possible to defeat an opponent so fierce that a glance at her turns one to stone?
This was the fate of anyone who looked upon the Medusa, a dreaded monster whose hair was made of hissing serpents. The brave Perseus undertook to fight the Medusa, but he was compelled to do battle in a most awkward manner. To help Perseus in his venture, the goddess Minerva had lent him her bright shield, and the god Mercury had given him winged shoes. Cautiously he approached the awesome monster. Using the image of the Medusa in his shield as a guide, he succeeded in cutting off her head and fixing it to the center of Minerva's shield. Perseus then flew to the realm of King Atlas whose chief pride was his garden filled with golden fruit. Thirsty and near collapse, he pleaded with the king for water to quench his thirst and for a place to rest. But Atlas feared that he would be betrayed into losing his golden apples. He uttered just one word, ""Begone!"" Perseus, finding that he could not pacify Atlas, responded by beckoning him to look upon Medusa's head. Atlas was changed immediately into stone. His head and hair became forests, his body increased in bulk and became cliffs, and the gods ruled that the heaven with all its stars should rest upon his shoulders. Can there be a worse calamity than that which befell Atlas?","آیا فکر می کنید شکست رقیبی که بقدری خشن است که نگاهی اجمالی به او فرد را به سنگ تبدیل میکند, ممکن است.این سر نوشت هر کسی بود که به مدوسا نگاه می کرد. مدوسا هیولای وحشتناکی بود که موهای سرش از مارهای افعی هیس هیس کن ساخته شده بود.پرسیوس شجاع پذیرفت که با مدوسا بجنگد اما مجبور شد که این نبرد را به مناسب ترین شکل انجام دهد. الهه ای بنام مینروا برای اینکه در این ماجراجویی به پرسیوس کمک کند, سپره درخشانش را به او قرض داده بود و الهه ای بنام مرکوی به او کفشهای بالدار داده بود. پرسیوس با احتیاط به هیولای مهیب نزدیک شد. با استفاده از تصویر مدوسا در سپرش توانست سرش را قطع کند و آنرادر مرکز سپر مینروا قرار دهد. سپس پرسیوس به قلمرو شاه اطلس پرواز کرد که با افتخار اصلی اش باغش بود که پر از میوه های طلایی بود. پپرسیوس که خسته و در حال سقوط بود, از پادشاه تقاضای آب کرد تا عطشش را فرو نشاند و مکانی که در آن استراحت کند. اما اطلس ترسید که پرسیوس به او خیانت کند و سیب های طلایی هش را از دست بدهد و فقط یک کلمه بر زبان آورد. دور شو! پرسیوس که پی برد نمی توانداطلس را آرام کند. در مقام پاسخ اطلس اشاره کرد که به سر مدوسا نگاه کند. اطلس بلافاصله به سنگ تبدیل شد.سر و موهایش به جنگل تبدیل شدند, هیکلش افزایش یافت و تبدیل به صخره شد و خدایان حکم کردند که آسمان با تمام ستاره هایش باید روی شانه های او قرار گیرد آیا می تواند مصیبتی بدتر از آنچه که به سر اطلس آمد وجود داشته باشد؟",,,,,,,,,,
27,Problems We Face,مشکلاتی که با آنها مواجه ایم,"Despite wars, disease, and natural disasters, our world is experiencing a population explosion (boom) that threatens to change or disrupt life as we have known it. Vast numbers of people must be fed and housed, and in the process a whole rash of problems has descended upon the human race. First has been the pollution of the air and the contamination of the water supply. Second has been the rapid exhaustion of fuels, minerals, and other natural resources. The response to this situation has ranged from utter disbelief to exaggerated concern. Since scientists themselves disagree on the severity of the problem, our feeble knowledge is surely unable to suggest the correct course of action. But we cannot stand still because there is too much at stake. We are, therefore, compelled to unite in our efforts to insure that human life on this planet does not cease. We must learn to be thrifty, even miserly, with the gifts of nature that we have formerly taken for granted. If our past reveals a reckless squandering of our natural possessions, we must now find an intelligent guide to their use so that we may remain monarchs of a world that has peace and plenty.","با وجود جنگ, بیماری و بلایای طبیعی, دنیای ما انفجاری از جمعیت را تجربه می کند که زندگی ما را آنگونه که آنرا شناخته ایم, تهدید به تغییر یا اختلال می کند. به تعداد وسیعی از افراد باید غذا و اسکان داد و در این فرآیند سیلی از مشکلات بر بشریت فرود آمده است.
اولین مشکل, آلودگی هوا و آلودگی منابع آب بوده است. مشکل دوم اتمام سریع مواد سوخت, مواد معدنی و دیگر منابع طبیعی بوده است. دامنه ی واکنش مردم نسبت به این وضعیت از ناباوری محض تا نگرانی اغراق آمیز بوده است.
از آنجائیکه دانشمندان خود پیرامون شدت این معضل توافق ندارند, قطعا دانش ضعیف ما قادر به ارائه اقدام و راه حل صحیح نیست. اما نمی توانیم آرام باشیم زیرا موارد زیادی در خطر است. از اینرو مجبوریم تلاشهایمان را یکپارچه کنیم تا مطمئن شویم که حیات انسان در این سیاره به پایان نمی رسد.باید بیاموزیم نسبت به هدایای طبیعی که قبلا آنها را سرسری گرفته ایم صرفه جو و حتی خسیس باشیم. اگر گذشته ی ما اتلاف بی دقت دارایی های طبیعی ما را نشان می دهد باید برای استفاده از آنها راهنمای هوشمندانه ای پیدا کنیم تا شاید حاکم جهانی بمانیم که دارای آرامش و وفور است. ",,,,,,,,,,
28,What Did You Have for Breakfast?,صبحانه چه خوردید؟,"A parents' organization to protect children's health appealed to a Senate committee to outlaw television commercials that promote the purchase of sugary products. Too much advertising urges the young child to eat caramels, chocolate, cookies, and pastries. This results in poor eating habits and leaves youngsters undernourished and subject to rapid tooth decay and other diseases. To illustrate the extent of the problem, a recent survey of one typical day of CBS's Channel 7 in Boston between 7 A.M. and 2 P.M. disclosed 67 commercials for sweet-tasting products. Several witnesses said that many children's cereals contained more than 50 percent sugar, that children often forced their parents to buy the cereals, and that excessive use of sugar from cereals, soft drinks and snack foods is a national disaster. Dr. Jean Mayer, professor of nutrition at Harvard University, recommended censoring the culprits in advertising for juvenile viewers. Recognizing the powerful opponents in the food industry who will resist control, Dr. Mayer said that no feeble efforts will do. ""Sugar-coated nothings,"" he added, ""must cease to be the standard diet of the American child."" Other witnesses pointed out that many cereal boxes, as bait for the children, used offers of dolls, balloons, airplane or car models, magic kits, monster cutouts and similar trifles, but the cereal inside the box, they insisted, had no more food value than the container it came in.","با وجود جنگ, بیماری و بلایای طبیعی, دنیای ما انفجاری از جمعیت را تجربه می کند که زندگی ما را آنگونه که آنرا شناخته ایم, تهدید به تغییر یا اختلال می کند. به تعداد وسیعی از افراد باید غذا و اسکان داد و در این فرآیند سیلی از مشکلات بر بشریت فرود آمده است.
اولین مشکل, آلودگی هوا و آلودگی منابع آب بوده است. مشکل دوم اتمام سریع مواد سوخت, مواد معدنی و دیگر منابع طبیعی بوده است. دامنه ی واکنش مردم نسبت به این وضعیت از ناباوری محض تا نگرانی اغراق آمیز بوده است.
از آنجائیکه دانشمندان خود پیرامون شدت این معضل توافق ندارند, قطعا دانش ضعیف ما قادر به ارائه اقدام و راه حل صحیح نیست. اما نمی توانیم آرام باشیم زیرا موارد زیادی در خطر است. از اینرو مجبوریم تلاشهایمان را یکپارچه کنیم تا مطمئن شویم که حیات انسان در این سیاره به پایان نمی رسد.باید بیاموزیم نسبت به هدایای طبیعی که قبلا آنها را سرسری گرفته ایم صرفه جو و حتی خسیس باشیم. اگر گذشته ی ما اتلاف بی دقت دارایی های طبیعی ما را نشان می دهد باید برای استفاده از آنها راهنمای هوشمندانه ای پیدا کنیم تا شاید حاکم جهانی بمانیم که دارای آرامش و وفور است. یک انجمن اولیا که از سلامت کودکان همایت می کند از یکی از کمیته های مجلس سنا درخواست کرد که پیامهای بازرگانی تلوزیونی را که محصولات قندی را ترویج می کنند, خلاف قانون  اعلام کند. تبلیغ بسیار زیاد کودک را وادر می کند که کارامل , شکلات,شیرینی,بیسکویت و نان شیرینی بخورد.. این امر به عادات غذایی نامناسب منجر می شود و کودک را مبتلا به سوء تغذیه کرده و در معرض پوسیدگی دندان و دیگر بیماریها قرار می دهد.
برای نشان دادن ابعاد این مسئله, یکی از بررسی های اخیر یک روز معمولی شبکه 7 سی بی اس بوستون بین ساعت 7 صبح و 2 بعد از ظهر 67 پیام بازرگانی برای محصولات قندی فاش کرد. چند شاهد گفتند که غذاهای غله ای کودکان زیادی دارای بیش از 50 درصد قند است و نیز گفتند کودکان اغلب والدینشان را مجبور می کنند که این غذاهای قندی را بخرند و گفتند که استفاده مفرط از قند این غذاهای غله ای , نوشابه ها و غذاهای کم یک فاجعه ملی است. دکتر جین مایر استاد تغذیه دانشگاه هاروارد توصیه کرد که مخالفان قدرتمند صنعت غذایی را در برابر این کنترل مقاومت خواهند کرد گفت تلاش ضعیف بی ثمر خواهد بود. وی افزود مواد غذایی بی ارزش و پوشیده از قند دیگر نباید رژیم غذایی استاندارد کودک آمریکایی باشد.
شاهدان دیگر خاطر نشان کردند که بسیاری از جعبه های خوراکی, به عنوان طعمه ای برای کودکان , از هدایایی نظیر عروسک , بادبادک,هواپیما, کیت های جادوئی و موارد کم  ارزش دیگر استفاده  می کنند. ولی تاکید داشتند که ماده خوراکی بیش از جعبه ای که در آن قرار داشت ارزش غذایی نداشت.",,,,,,,,,,
29,Camp Safety,امنیت اردوگاه,"For years a furniture salesman from Connecticut, Mitch Kurman, has toiled ceaselessly for the passage of a youth summer camp safety bill. Why? Because his son David was drowned when his canoe overturned in the raging waters of the Penobscot River. The camp counselors leading the trip were inexperienced, had blundered into dangerous waters, and had no life jackets for the canoers. Mr. Kurman was naturally dazed by the tragedy. But rather than merely mourn his loss and wait for the painful memory to subside, he began a campaign that took him on hundreds of journeys to speak to governors, senators, and congressmen. He had learned that 250,000 children are injured or maimed annually in camp accidents. It was hard for him to comprehend why we have laws that outlaw mistreatment of alligators, coyotes, birds and bobcats, but we have no law to prevent disasters to children in summer camps. Wherever he went, Mr. Kurman was commended for his efforts, but he received only trifling support from the lawmakers. One bill, requiring people to put on life preservers when they took to the water, died in the final reading. Another such bill exempted private ponds and lakes, exactly the waters where most summer camps are located. Even a bill calling for a survey of camp safety conditions was at first defeated. Mr. Kurman's struggle so far has been in vain, but he continues his battle to avoid a repetition of the accident that took his son's life.","سالهاست که یک فروشنده مبلمان بنام میچ کورمان از کونکتیکوت بی وقفه برای تصویب لایحه ی امنیت اردوهای تابستانی ویژه جوانان زحمت کشیده است. چرا؟ برای اینکه پسرش دیوید هنگام واژگون شدن قایقش در آبهای خروشان رودخانه ی پنوبسکوت غرق شد. ماشورین اردو که این سفر را هدایت می کردند بی تجربه بودند و برای قایق سواران هیچ جلیقه ی نجات نداشتند.
طبعا آقای کورمان از این حادثه ی غم انگیز گیج و منگ شده بود اما بجای اینکه فقدان پسرش سوگواری کند و منتظر بماند تا این خاطره ی دردناک فروکش کند مبارزه ای را آغاز کرد که او را به صدها سفر کشاند تا با فرمانداران, سناتور ها و نمایندگان کنگره صحبت کند. وی اطلاع یافته بود که سالانه 250 هزار کودک در سوانح اردوها مجروح یا معلول می شوند. درک این موضوع برای او دشوار بود که چرا ما قوانینی داریم که بد رفتاری با تمساح ها,گرگ های صحرایی, پرندگان و گربه های وحشی را خلاف قانون می دانند اما هیچ قانونی نداریم که از فاجعه های کودکان در اردوهای تابستانی جلوگیری کند.
آقای کورمان هر جا که می رفت بخاطر تلاشهایش ستایش می شد اما از جانب قانونگذاران حمایت جزئی دریافت کرد. یکی از لوایح که افراد را هنگام رفتن به آب به پوشیدن وسایل غریق نجات ملزم می کرد, در قرائت نهایی رد شد. لایحه ی دیگری استخرها و دریاچه ها خصوصی را , که دقیقا بیشتر اردوهای تابستانی در آنها قرار دارد, از این قانون مستثنی داشت. حتی لایحه ای که خواهان بررسی شرایط ایمنی اردوگاهها بود در مرحله اول رد شد. تاکنون تلاش های آقای کورمان بی فایده بوده است اما وی به مبارزه اش برای جلوگیری از تکرار حادثه ای که جان پسرس را گرفت ادامه می دهد.",,,,,,,,,,
30,Bible Zoo,باغ وحش انجیل,"One of the most popular tales of the Bible depicts the great flood that destroyed every mortal except Noah and his family and the animals on his ark. Should there be a repetition of that disaster, there is one place where all the biblical animals are already gathered. The man to be commended for this novel collection is Professor Aharon Shulov, a zoologist at Hebrew University in Jerusalem, Israel. Professor Shulov appointed himself a committee of one to search out the 130 creatures mentioned in the Old Testament. Among the occupants of this zoo are crocodiles, camels, apes, peacocks, deer, foxes, and sheep, some of whom had to be imported from other lands. They are settled in suitable quarters on a twenty-five acre site in Jerusalem. Visitors to the zoo not only get to view and feed the animals, but they are also treated to quotes from Bible verses that encourage the study of the Good Book and teach morality amidst the waddling of the ducks and the wailing of the wolves. Not surprisingly, the children have the final word at a special corner of the zoo, called the Garden of Eden, where animal cubs roam freely, attracting the attention of hundreds of youngsters who visit daily.","یکی از معروفترین انجیل سیل بزرگی را به تصویر می کشد که بجز نوح و خانواده اش و حیوانات روی کشتی اش تمام مخلوقات را از بین برد. اگر قرار باشد آن فاجعه تکرار شود, فقط یک جا وجود دارد که تمام حیوانات انجیلی از قبل گرد آمده اند. کسی که باید برای این مجموعه جدید مورد تحسین قرار گیرد عبارت پروفسور آهارون شولف که یکی از جانور شناسان دانشگاه هبرو در اورشلیم اسرائیل است.
پروفسور شولف یک کمیته ی یک نفره تشکیل داد که پیرامون یکصد و سی مخلوقی که در کتاب مقدس نام برده شده اند, تحقیق کند. کروکودیلها,شتر ها,بوزینه ها,طوطی ها,گوزن ها,روباه ها و گوسفند ها در میان ساکنان این باغ وحش می باشند که برخی از آنها باید از سرزمینهای دیگر وارد می شدند. این حیوانات در بخشهای مناسبی در یک مکان بیست و پنج جریبی در اورشلیم اسکان داده شده اند.
بازدید کنندگان باغ وحش نه تنها حیوانات را می بینند و به آنها غذا می دهند, بلکه به ضیافت نقل قول هایی از انجیل م یروند که در لابلای راه رفتن اردکها و زوزه گرگها مطالعه کتاب مقدس و آموزش اخلاق را ترویج می کند. تعجبی ندارد که کودکان در گوشه خاصی از باغ وحش که باغ ادن نامیده می شود ی حرف آخر را می زنند. در این گوشه توله های حیوانات آزادانه پرسه می زنند و توجه صدها جوان را که هر روز از آن دیدن می کنند به خود جلب می کند.",,,,,,,,,,
31,Record Holders,رکورد داران,"The Guinness Book of World Records is full of fascinating facts. For example, the champion commuter is Bruno Leuthardt of Germany, who traveled 370 miles each day for ten years to his teaching job and was late only once because of a flood. The record for being buried alive is held by Emma Smith of Ravenshead, England. She was confined in a coffin for 100 days. What a way to spend the idle hours! Peter Clark of London collected 1276 autographed pictures of famous men and women. Obviously not all were his idols, but he did set a record. What drives people to these unusual practices? Some are simply done in jest, some for patriotic reasons. Certainly no one would dispute the valor of the ""record-makers,"" even if the records themselves may be no more lasting than a popular song. While one need not be a lunatic, he must have a vein of recklessness to participate in such activities as bungee-jumping, high diving, or parachute jumping. If you are tired of leading a dull, uneventful life, remember the mortais whose fertile imaginations have found novel ways to add excitement to their lives.","کتاب رکورد داران جهانی گینس مملو از حقایق جالب است. برای مثال قهرمان مسافر هر روزی, برنو لوتهارد از آلمان است که به مدت ده سال هر روز 370 مایل را تا محل تدریس سفر کرد و تنها یکبار بخاطر سیل دیر کرد. رکورد زنده دفن شدن از آن اما اسمیت اهل راونشد انگلستان است. وی به مدت مدت صد روز در تابوتی محبوس بود ,عجب شیوه ای برای گذراندن ساعات بیکاری! پیتر کلارک از لندن 1276 تصویر امضا شده زنان و مردان مشهور را گردآوری کرد. قطعا تمام این افراد اشخاص محبوب وی نبودند اما او براستی رکوردی را بر جای گذاشت.
چه چیزی افراد را به سمت چنین اعما عجیبی می کشاند. برخی از این کارها صرفا بخاطر شوخی انجام می شود و برخی به دلایل وطن پرستانه. مسلما هیچکس شجاعت رکورد داران را زیر سوال نمی برد حتی اگر خود رکوردها به اندازه آهنگ مشهوری دوام نداشته باشند. گر چه لازم نیست فرد دیوانه باشد, اما باید برای شرکت در فعالیتهایی نظیر پرش با سیمهای فنری, شیرجه رفتن از ارتفاع یا پرش با چتر نجات رگ بی پروایی داشته باشد. اگر از داشتن یک زندگی یکنواخت و کسل کننده خسته شده اید, افرادی را بخاطر آورید که با تصورات خلاقشان شیوه های جدیدی را برای افزودن هیجان به زندگی خود یافته اند.",,,,,,,,,,
32,How Our Language Grows,زبان ما چگونه رشد می کند,"Many popular expressions in our language have interesting backgrounds. When we refer to a person's weak spot as his Achilles heel) we are recalling the story of the mighty Greek hero of the Trojan War, Achilles, a warrior of unusual strength and valor. The mother of Achilles, in whose veins flowed the blood of the gods, was warned at his birth that her son would die in battle. In great distress, she sought to save her son. In order to diminish his chances of being hurt and to give him maximum protection in combat, she dipped the infant in the river Styx. The magic waters touched every part of the child's body except the heel that she held in her hand. Thus it happened many years later that as Achilles started to flee from an attack, a poisoned arrow struck him in the heel, the only spot where he was vulnerable. Today, the meaning of Achilles heel is not confined to a weak spot in the body but it also signifies a weakness in the character of an individual, or in the defenses of a nation, or in the structure of a system. American politics, rather than mythology, provides the explanation for the word bunk. This word came into the language in 1820 when Felix Walker, the representative from Buncombe County, North Carolina, formed the habit of making long, unnecessary speeches in Congress. When his colleagues asked him why he was tormenting them so, he apologized by saying it was his patriotic duty to put those speeches in the record out of loyalty to his supporters at home. The word ""Buncombe"" was shortened to ""bunk"" and came to mean any thought that has little or no worth.","بسیاری از اصطلاحات معروف زبان ما پیشینه ی جالبی دارند. زمانیکه نقطه ضعف شخصی را پاشنه آشیل او می نامیم,  داستان قهرمان توانمند یونانی در جنگ تروا یعنی آشیله را بیاد می آوریم که رزمنده ای با نیرو و جرات عجیب بود. به مادر آشیل که در رگهایش خون خدایان جاری بود در زمان تولد آشیلهشدار داده شد که پسرش در جنگ از بین خواهد رفت. وی با ناراحتی زیاد تلاش کرد که پسرش را نجات دهد. برای آینکه احتمال آسیب دیدن پسرش را کاهش دهد و برای او بیشترین حفاظت را در رزم فراهم آورد, او را در رود استیکس فرو کرد. آبهای جادویی تمام بخشهای بدن بچه را بجز پاشنه ای که مادرش در دست داشت لمس کرد. از اینرو اینگونه اتفاق افتاد که سالها بعد وقتیکه آشیل از حمله ای گریخت تیری زهراگین به پاشنه اش, یعنی تنها نقطه ی آسیب پذیرش اصابت کرد.
امروزه مفهوم پاشنه آشیل به یک نقطه ضعف بدن محدود نمی شود بلکه نشانه ی ضعف در شخصیت یک فرد, دفاع یک ملت و یا ساختار یک نظام می باشد.
برای واژه ی bunk در علم سیاست آمریکا توضیحی وجود دارد نه در اسطوره اش. این واژه در سال 1820 وارد زبان شد در آن ایام فلیکس واکر نماینده ایالت بانکوم در کارولینای شمالی عادت سخنرانی های طولانی و غیر ضروری را در کنگره مرسوم ساخت. وقتیکه همکارانش از او می پرسیدند چرا آنها را با سخنرانی هایش آزار می دهد, پوزش می خواست و می گفت وظیفه وطن دوستی من این است که از روی وفاداری به حامیانم در محل سکونتم این سخنرانی ها را در کنگره به ثبت رسانم. واژه ی buncombe به واژه ی bunk تقلیل یافت و معنی هر فکر بی ارزش یا کم ارزش را به خود گرفت.",,,,,,,,,,
33,Don't look over My Shoulder!,از پشت سرم نگاه نکن,"The kibitzer is a person who volunteers useless information, especially in card games, causing the players to be prejudiced against him. The name comes from a Yiddish word which originally referred to a certain bird whose shrill cry scared the animals away upon the approach of the hunters. Though the kibitzer may think he is being jolly or witty, his advice often hinders more than it helps. We may scowl at him or lecture him for his abuse of our friendship, but he still continues to mumble his unwelcome remarks. The serious player may even wish he could make the kibitzer mute by sticking a wad of cotton in his mouth. The kibitzer, however, may not realize that he is causing torment or distress to his colleagues. Thus we may have to resign ourselves to his annoying habit if we wish to retain him as a friend.","آدم پشت دست نشین شخصی که در ارائه اطلاعات بی فایده خصوصا بازی ورق داوطلب می شود و باعث می شود که بازیکنان نسبت به او تعصب نشان دهند. واژه ی kibitzer از یک لغت عبری مشتق می شود که در اصل به پرنده خاصی اشاره داشت که فریاد گوش خراشش موقع نزدیک شدن شکارچیان, حیوانات را می ترساند و فراری می داد.گرچه آدم فضول ممکن است فکر کند که کارش از روی شادی و شوخ طبعی است اغلب توصیه اش بجای اینکه کمکی باشد, یک مانع است. شاید از او ابرو درهم کشیم و یا بخاطر سوء استفاده از دوستی مان او را سرزنش کنیم اما او همچنان زیر لب نظرات نا خوشایندش را بیان می کند. بازیکن جدی حتی ممکن است آرزو کند که ای کاش می توتنست او را با قرار دادن توده ای از پنبه در دهانش ساکت کند. اما آدم فول شاید نداند که باعث اذیت و ناراحتی همکارانش می شود. بنابراین اگر بخواهیم که او را به عنوان یک دوست حفظ کنیم, شاید مجبور شویم که خودمان را تسلیم عادات آزار دهنده او کنیم.",,,,,,,,,,
34,A Course for Parents,دوره ای برای والدین,"A course entitled ""The Responsibilities of Parenthood"" sounds as if it should be offered to students who are immediate candidates for parenthood. Not according to Dr. Lee Salk, who feels that teaching children about parenthood should precede the adolescent years. Dr. Salk, of the New York Hospital, teaches a volunteer coeducational class of junior high school youngsters what it means to be a parent. He does not lecture or present radical views. Rather, he conducts spontaneous discussions by encouraging students to imagine that they are parents and asking them such questions as ""What would you do if you found your child smoking?"" or ""How would you prepare your child for the first day of school?"" The lessons skim over such topics as the need to vaccinate children against diseases or to teach them not to be untidy or to use utensils properly. The class is more concerned with preparing students emotionally to become better parents some day and with making children sensitive to the responsibilities of parenthood. The class members often express temperate and mature views. One girl said she would not approve of having a nurse bring up her child. Another felt that money earned through baby-sitting or other jobs should be shared with parents. When asked how his students rate, Dr. Salk retained a hopeful outlook. ""They are ready for this information,"" he declared. ""I think they'll be honest parents.""","بنظر می رسد که دوره ای تحت عنوان مسئولیتهای والدین باید به دانشجویانی ارائه شود که داوطلب فوری والدین شدن هستند. این کار طبق نظر دکتر لی سالک نیست که معتقد است آموزش دادن به کودکان درباره ی پدر و مادر شدن باید پیش از سالهای نوجوانی صورت گیرد. دکتر لی سالک از بیمارستان نیویورک به یک کلاس مختلط از جوانان سال سوم دبیرستان تعلیم می دهد که پدر و مادر بودن چه مفهومی دارد. او سخنرانی نمی کند و نظرات افراطی ارائه نمی دهد بر عکس با ترغیب دانشجویان به اینکه تصور کنند پدر و مادر هستند. بحث های خود جوشی را اجرا می کند و از انها سوالاتی می پرسد. مثلا اگر فرزندانتان را در حال سیگار کشیدن بیابید چه می کنید؟ و یا فرزندتان را برای اولین روز به مدرسه چگونه آماده می کنید؟ این دسها مروری است بر موضوعاتی نظیر نیاز به واکسینه کردن کودکان در برابر بیماریها و یا آموزش کودکان به اینکه نا منظم نباشند و یا اینکه چگونه از لوازم درست استفاده کنند. این کلاس بیشتر درگیر این است که دانشجویان را از نظر احساساتی آماده کند که روزی والدین بهتری بشوند و بچه ها را نسبت به مسئولیتهای والدین حساستر سازد.
اعضا کلاس اغلب نظرات ملایم و نسنجیده ای را ابراز می کنند. دختر خانمی گفت من موافق نیستم که یک پرستار بچه ام را بزرگ کند. احساس فرد دیگری این بود که پولی که از طریق پرستاری کودک یا سایر مشاغل بدست می آید باید با والدین تقسیم شود. وقتی از دکتر سالک پرسیده شد چگونه دانشجویان را ارزیابی می کنی, دید امیدوارانه ای داشت. و گفت این دانشجویان برای این اطلاعات آمادگی دارند و فکر می کنم پدر و مادرهای صادق و درستکاری خواهند بود.",,,,,,,,,,
35,Summer Travel,سفر تابستانی,"If you are tired of making vague excuses for another dull summer at home, here is a thought to elevate your spirits. You do not need anything so radical as winning a lottery to finance a trip to Europe. A student identity card that can be obtained for a few dollars from the Council on International Educational Exchange entitles you to discount tickets on certain charter flights to London and Paris, as well as reduced admission to many museums, cinemas, and musical events. Once in Europe, you can stretch your budget by staying at approved youth hostels for about ten dollars a night. So don't discard your hopes of becoming an international traveler. Soon you can be soaring into the skies or skimming over the waves to new adventures that you will subsequently relate to your stationary friends.","اگر خسته اید از اینکه برای تابستان کسل کننده دیگری در منزل بهانه مبهمی بیاورید, ایده ای برای بالا بردن روحیه ی شما وجود دارد. برای تامین هزینه ی سفر به اروپا به چیزی بسیار اصولی همچون برنده شدن در یک بخت آزمایی نیاز ندارید. یک کارت شناسایی دانشجویی که در ازای چند دلار می توان از شورای تبادل آموزشی بین المللی تهیه کرد این اجازه را به شما می دهد که تا از برخی از پروازهای دربست به لندن و پاریس تخفیف بگیرید و نیز برای بسیاری از موزه ها, سینماها و رخدادهای موسیقایی ورودی کمتری را بپردازید.
زمانی که در اروپا هستند می توانید با اقامت در هتل های پسندیده ویژه ی جوانان در ازای هر شب تقریبا ده دلار در بودجه خود صرفه جویی کنید. بنابراین امید خود را در اینکه یک مسافر بین المللی شوید از دست ندهید. خیلی زود می توانید به اوج آسمان رفته و یا بر روی امواج آسمان رفته و یا بر روی امواج بلغزید. و ماجراهای جدیدی را تجربه کنید که بعدا برای دوستان غیر مسافر خود تعریف کنید.",,,,,,,,,,
36,A Helping Hand,دست یاری,"Youth workers Bill Nash and Jim Boyle are house hunters, not so much for a house as for a concerned family willing to house and feed troubled youngsters temporarily. They try to give prompt attention to those who cannot or will not live at home. For some, leaving home may have been the result of a hasty decision, based on a scorching remark and the subsequent tempest within the family. The cooling-off period away from the family is a time to soothe feelings. With sympathetic outsiders, youngsters have a chance to redeem them-selves. The hope, of course, is that they will learn to relate to adults again and quickly resume a normal life of harmony with their own families. Some people refrain from offering their homes, expressing vague fears of the harmful effects on their own children. But this has not been the case, even when the problem of the ""visitor"" was the illegal use of narcotics. One parent remarked, ""With us it worked the other way. The horror of drugs became real to my own son. We got a lot more than we gave.""","کارگران جوان بیل ناش و جیم بویل در جستجوی خانه هستند اما نه فقط برای خانه بلکه به عنوان خانواده ای علاقه مند که مایل است موقتا جوانان آشفته را اسکان و تغذیه دهد. این خانواده ها تلاش خولهند کرد به آنان که نمی توانند در خانه زندگی کنند یا در خانه زندگی نخواهند کرد توجه فوری مبذول دارند.
برای برخی از افراد, ترک خانه ممکن است نتیجه ی تصمیمی شتابزده باشد که بر اساس جمله ای نیشدار بوده است که به تبع آن در خانواده آشوبی بر پا شده است. دوران دور از خانواده فرصتی برای تسکین احساسات است. اگر جوانان غریبه های همدردی داشته باشند برای نجات دادن خود فرستی دارند. البته امید این است که این افراد خواهند آموخت دوباره با بزرگسالان ارتباط برقرار کنند و به سرعت زندگی طبیعی هماهنگی را با خانواده های خودشان از سر گیرند.
برخی از افراد از ارائه خانه هایشان به این جوانان خودداری می کنند. و ترسهای مبهمی را از اثرات مضر این جوانان بر بچه هایشان ابراز می کنند. اما اینگونه نبوده است. حتی زمانیکه مشکل جوانان,مصرف غیر قانونی مواد مخدر باشد. یکی از والدین اظهار داشت برای ما اینگونه جوانان بگونه دیگری عمل کردند. نفرت و انزجار از مواد مخدر برای پسر خود من واقعیت پیدا کرد و ما بیشتر از آنچه که از دست بدهیم, بدست آوردیم.",,,,,,,,,,
37,Listen to Smokey the Bear,به خرس خاکستری گوش دهید,"At one time the United States was heir to great riches, for more than half of our country was covered with forests. Now the majestic woodlands have dwindled to the point where we have no surplus of trees. Of course, only a traitor to the beauties of nature would deliberately set a forest fire, but careless citizens are the vandals who are responsible for much of the destruction. In time of drought especially, scorching fires started by careless smokers can reduce a beautiful forest to acres of blackened stumps. Theodore Roosevelt understood that we cannot abide the continual loss of our precious forests but we must learn to live in harmony with nature. In 1905 he appointed Gifford Pinchot to head the Forest Service which promptly began to unify efforts in caring for our national forests. The modern forest rangers, from the ""lookouts"" stationed on mountain summits to the ""smokejumpers"" who parachute from airplanes to fight fires, ask us to heed the advice of Smokey the Bear, who has become their symbol. Smokey says, ""Only you can prevent forest fires.""","زمانی ایالات متحده وارث عظیمی بود برای اینکه بیش از نیمی از کشور پوشیده از جنگل بود. اکنون جنگل های با شکوه به حدی کاهش یافته اند که دیگر هیچ درخت اضافه ای نداریم.البته تنها خائن به زیبایی های طبیعت عمدا آتش جنگلی بپا می کند. اما شهروندان بی دقت خرابکارانی هستند که مسئول بخش اعظم تخریب هستند. آتش های سوزانی که توسط سیگاری های بی دقت بویژه در زمان خشکسالی, شروع می شود, می تواند جنگل زیبایی را به جریب ها کنده ی سیاه تنزل دهد.
تئودور روزولت پی برد که نمی توانیم از دست دادن دائم جنگلهای با ارزشمان را تحمل کنیم, بلکه باید بیاموزیم که هماهنگ با طبیعت زندگی کنیم. وی در سال 1905 گیفور پینچات را به سرپرستی سازمان جنگلداری منصوب کرد که این سازمان برای مراقبت از جنگل های ملی ما تلاشهایش را یکپارچه کرد. جنگلبانان امروزی از دیده بانهای مستقر در نوک کوهها گرفته تا آتش نشانان جنگلی که با چتر برای اطفا حریق پایین می آیند, از ما می خواهند که به توصیه ی خرس خاکستری که نماد و سمبل آنها شده است توجه کنیم. خرس خاکستری می گویند تنها شما می توانید از آتش سوزی های جنگلی جلوگیری کنید.",,,,,,,,,,
38,Gulliver's Travels,سفر های گالیور,"Jonathan Swift tried to show the smallness of people by writing the biography of Dr. Lemuel Gulliver. In one of his strangest adventures, Gulliver was shipwrecked. Drenched and weary, he fell asleep on the shore. In the morning, he found himself tied to pegs in the ground, and swarming over him were hundreds of little people six inches high. After a time he was allowed to stand, though he began to wobble from being bound so long. He was then marched through the streets, naturally causing a tumult wherever he went. Even the palace was not big enough for him to enter, nor could he kneel before the king and queen. But he did show his respect for them in another way. The king was dejected because he feared an invasion of Lilli put by Blefuscu, the enemy across the ocean. The reason for the war between the two tiny peoples would seem small and foolish to us. The rebels of Blefuscu were originally Lilliputians who would not abide by the royal decision to crack their eggs on the small end instead of on the larger end. Gulliver, obedient to the king's command, waded out into the water when the tide receded, and sticking a little iron hook into each of fifty warships, he pulled the entire enemy fleet to Lilliput. Gulliver later escaped from Lilliput when he realized the tiny king was really a tyrant with no charity in his heart. Oddly enough, the verdict of generations of readers has taken no heed of the author's intention in Gulliver)s Travels. Instead, while Lilliputians are still the symbol of small, narrow-minded people, Swift's savage attack upon humankind has become one of the best-loved children's classics.","جاناتان سویفت تلاش کرد با نوشتن زندگینامه ی دکتر لموئل گالیور کوچکی انسانها را نشان دهد. گالیور در یکی از عجیب ترین ماجراهایش دچار کشتی شکستگی شد. خسته و خیس روی ساحل خوابش برد. صبح روز بعد خود را در حالی یافت که میخ های زمین بسته شده است و صدها انسان کوچک با شش اینچ قد بالای سر او ازدحام کرده اند.
پس از مدتی به او اجازه داده شد که بایستد, گرچه از اینکه برای مدتی طولانی بسته شده بود تلوتلو می خورد. سپس از میان خیابانها عبور داده شد و طبعا هر جا که می رفت بلوا و غوغا ایجاد می کرد. حتی برای او کاخ نیز به اندازه ی کافی بزرگ نبود که وارد شود و نیز نمی توانست در برابر شاه و ملکه زانو بزند. اما به شیوه ی دیگری احترامش را برای آنها نشان می داد.
شاه غمگین و ناراحت بود برای اینکه از حمله بلفسکو دشمن طرفت دیگر اقیانوس, به لیلی پوت هراس راشت. دلیل جنگ بین دو ملت کوچک برای ما احمقانه و کم اهمیت بنظر می رسد. شورشیان بلفسکو در اصل لیلی پوتی هایی بودند که از تصمیم پادشاه اطاعت نمی کردند که تخم مرغ هایشان را بجای شکستن از سر بزرگ از سر کوچک بشکنند. گالیور که مطیع فرمان پادشاه بود وقتیکه جزرو مد بر می گشت خودش را به آب انداخت و قلاب آهنی کوچکی را به هر یک از پنجاه کشتی جنگی  وصل کرد و سپس تمام ناوگان دشمن را به لیلی پوت کشاند. بعدها که گالیور پی برد حاکم کوچک در واقع حاکم ظالمی است که هیچ رحمی به دل ندارد از لیلی پوت گریخت.
عجیب اینجاست که قضاوت نسل ها خواننده به نیت مولف در سفرهای گالیور هیچ توجهی نکرده است. در عوض گرچه لیلی پوتی ها هنوز نماد انسانهای کوچک و کوته فکر هستند. حمله وحشیانه جاناتان سویفت به بشریت یکی از دوست داشتنی ترین آثار کلاسیک شده است.",,,,,,,,,,
39,Roast Beef on Rye,گوشت بریان با نان چاودار,"A little digging will unearth the roots of our language and habits. For instance, our word ""sandwich"" is derived from the Earl of Sandwich, who lived in the time of George Ill. This gentleman would not depart from the gambling table for hours on end. If his play happened to coincide with dinner, he would cancel his regular meal and order a slice of meat to be served to him between two pieces of bread. The biography of the Earl claims that we are his debtors for his discovery of the sandwich. Charles Dickens later used the phrase ""sandwich man"" to describe someone who walks about with a clearly legible message on placards hung on his chest and back. An example of a superstition is the fear of walking under a ladder. This must have been a contagious fear for it seems to have started with the ancient belief that spirits lived in trees or wood. ""Knocking on wood"" was a way of calling up the friendly spirit to protect one from harm. Today a member of the clergy might sneer at this custom, expecting that by this time such superstitions would have receded into the past with witches and ghosts. Another expression, ""giving someone the cold shoulder,"" has been traced to the Middle Ages, when a host would serve his guests a cold shoulder of mutton or beef instead of the customary hot food. This was a transparent attempt to show the guest he was no longer welcome. The host had thus found a more charitable yet effective way of expressing his feelings without using a scalding remark.","کمی کاوش, ریشه های زبان و عادات ما را آشکار ساخت. مثلا واژه ی ساندویچ از کنت ساندویچ که در زمان سوم می زیست مشتق شده است. این اشراف زاده میز قمار خود را تا پایان بازی برای ساعتها ترک نمی کرد. اگر تصادفا بازی اش با شام همزمان می شد, غذای معمولی اش را لغو می کرد و شفارش تکه گوشتی را می داد که بین دو قطعه نان گذاشته شده بود. زندگینامه ی کنت نشان می دهد که کشف ساندویچ را مدیون او هستیم. بعدها چارلز دیکنز از عبارت مرد ساندویچی برای توصیف کسی استفاده کرد که با پیامی خوانا روی پلاکاردی که به سینه و پشتش آویزان شده است, به هر سو حرکت می کند.
ترس از راه رفتن زیر یک نردبان نمونه ای از خرافات است. این ترس یحتما مسری بوده است زیرا با این باور کهن که ارواح در درختان یا چوب زندگی می کنند شروع شده است, ضربه زدن به چوب یک راه فراخواندن روح مهربان برای حفاظت شخص از اسیب بود. امروزه روحانیون ممکن است این رسم را مورد تمسخر قرار دهند و انتظار دارند که چنین خرافاتی باید تا به حال به حمراه عجوزه ها و جادوگران به گذشته باز گشته باشند.
اصطلاح دیگر یعنی به کسی غذای سرد دادن ریشه اش به وسطی باز می گردد که میزبان,  مهمانان خود را بجای غذای گرم مرسوم با گوشت گوسفند و گاو پذیرایی می کرد. این کار تلاشی بود آشکار تا به مهمان نشان دهد که دیگر عزیز نیست. میزبان از این طریق بدون استفاده از کلمات تند, راحی مهربانانه تر و در عین حال موثر برای بیان احساساتش پیدا کرده بود.",,,,,,,,,,
40,Weight-watchers,مراقبان وزن,"Judging from the popularity of books on dieting, one would think an epidemic of obesity is sweeping the nation. Although being fat is not contagious, it is a condition not to be sneered at since it affects one-fourth of all Americans. Without magnifying the problem, professionals concerned with the nation's health, from chiropractors to medical specialists, agree that being overweight is a major obstacle to good health. They point out that people will readily see the need to ventilate their homes for fresh air to get rid of vermin that may cause disease, but they jeopardize their health by eating the wrong foods or the wrong amount of foods. Coincidentally, a recent survey of employment agencies showed that obesity has a negative effect on a person's chances of landing a job. While the job-seeker is asking about salary and pensions, the employer is thinking about the worker's healthand weight is a vital consideration when it comes to injuries, disease, and absenteeism. Some municipal jobs, in fact, do require an applicant to be within normal weight range, and one New York bank insists on an oral understanding that applicants will take off excess weight. As the Wall Street journal put it, ""Fat people often find slim pickings in the job market.""","اگر فرد بر مبنای محبوبیت کتابهای پیرامون رژیم غذایی قضاوت کند, فکر می کند که بیماری همه گیری چاقی کشور را فرا گرفته است. گرچه چاق بودن مسری نیست, اما وضیعتی است که نیاید به آن خندید, زیرا این وضیعت یک چهارم کل آمریکایی ها را تحت تاثیر قرار داده است. متخصصین نگران درباره سلامت مردم آمریکا , از پشک مفصل پا تا پزشکان متخصص,  بدون بزرگ نمایی مسئله, بر این باورند که بیش از حد چاق بودن مانع اصلی سلامتی است. این افراد به این نکته اشاره می کنند که مردم برای رهایی از هشرات موذی که ممکن است بیماری ایجاد کنند این نیاز را درک می کنند که برای هوای تازه خانه هایشان را تهویه کنند, اما با خوردن نامناسب یا خوردن مقدار نامناسب غذا سلامتی شان را به خطر می اندازند.
اتفاقا بررسی اخیر سازمانهای کاریابی نشان داد که چاقی بر احتمال کاریابی شخص تاثیر منفی دارد. در حالیکه شخص جویای کار درباره حقوق و مستمری می پرسد, کارفرما به سلامت کارگر می اندیشد و زمانیکه پای مصدومیت, بیماری و غیبت گرایی به وسط می آید, وزن, یکی از ملاحظات حیاتی است.
در حقیقت برخی از مشاغل شهری متقاضی را ملزم می کنند که وزن طبیعی داشته باشند و یکی از بانکهای نیویورک به این درک شفاهی اصرار دارد که متقاضیان , وزن اضافی را بردارند. همانگونه که در مجله وال استریت آمده است: افراد چاق اغلب در بازار کار, گزینش کمی دارند.",,,,,,,,,,
41,Where Do We Go from Here?,از اینجا به کجا می رویم,"When we grow too complacent with ourselves, along come writers who, wasp-like, sting us with reminders of the many problems we face-from rehabilitating former prisoners on parole to feeding the world's hungry population. Those authors do not see civilization rising almost vertically to greater and greater heights. Though a multitude of problems beset America, they nominate the large urban centers as potentially the most dangerous and requiring the most immediate attention. They see the cities as the morgues of dead hopes and lost ideals. We are preoccupied with trifles like the upholstery in our homes or personal matters like pension and benefits, but now we are called upon to contribute to our community on every vital level-moral, political, economic. We are not being urged to give up our beloved possessions, but our civilization can be saved only if we overcome the epidemic of indifference. We must begin to live with a new openness to others and a determination to become the best of which we are capable.","هنگامیکه از خودمان بسیار احساس رضایت می کنیم نویسندگانی پیدا می شوند که زنبور وار با یادآوری بسیاری از مشکلاتی که با آن مواجه ایم ما را نیش می زنند. مشکلاتی نظیر توانبخشی زندانیان سابق که آزادی مشروط دارند تا تغذیه جمعیت گرسنه جهان این نویسندگان, تمدن را اینگونه نمی بینند که بطور عمودی درجات بیشتر و بیشتری داشته باشد. گرچه مشکلات متعددی آمریکا را تهدید می کند اما این نویسندگان مراکز گسترده ی شهری را بلقوه بسیار خطرناک نامیده و آنها را نیازمند توجه بسیار فوری می دانند. این نویسندگان شهر ها را سردخانه ی آرزوهای مرده و آرمانهای از دست رفته می بینند.
اذهان ما درگیر مسائل جزئی مثل رومبلی منازلمان یا مسائل شخصی نظیر مستمری و مزایا می باشد اما حالا از ما دعوت شده است خواسته می شود که در هر سطح حیاتی-اخلاقی, سیاسی و اقتصادی به جامعه مان کمک می کنیم. از ما نمی خواهند که از اموال مورد علاقه مان دست بکشیم. اما جامعه متمدن ما تنها بشرطی می تواند نجات داده شود که بیماری همه گیر بی تفاوتی غلبه کنیم. باید زندگی را با صراحت جدیدی نسبت به دیگران شروع کنیم و مصمم شویم که به بهترین شکل توانایی خود را نشان دهیم.",,,,,,,,,,
42,A Time for Decision,زمان تصمیم گیری,"Carl Brown walked wearily from the bus stop, his thoughts preoccupied with the day's events. He had become accustomed to receiving the blame for his colleagues' mistakes. He could remain complacent when less deserving workers were promoted ahead of him. He could even maintain an air of indifference when the young man he had trained now snubbed him. What he could not endure was the ridicule of his fellow employees. His wrath flamed at the thought that his secret had been exposed. The legend of his honesty had died. Carl Brown pondered his next move. Should he resign or take even more drastic measures? His steps led past the wharf where the ships were unloading their cargoes of fruit. He looked into the dark waters and took a deep breath. No, this was not a sin that could be erased. He heaved a sigh and determined to amend his ways. Never again would he sign his ballot ""Carl Smith.""","کارل براون که افکارش مشغول وقایع روزانه بود خسته از ایستگاه اتوبوس به راه افتاد. او عادت کرده بود که اشتباهات همکارانش را به گردن بگیرد. زمانیکه همکارانش که لیاقت کمتری داشتند پیش از او ترفیع می گرفتند می توتنست خونسرد بماند. حتی می توانست در برابر مردی که خود به او آموزش داده بود و حالا به او کم محلی می کرد, حالت بی تفاوتی خود را حفظ کند. آنچه را که نمی توتنست تحمل کند تمسخر همکارانش بود. خشمش با این فکر که رازش فاش شده است شعله ور شد. افسانه ی پاکی و صداقتش از بین رفت.
کارل براون روی حرکت و اقدام بعدی اش اندیشید. آیا باید استعفا می داد یا اقدامات شدیدتری را اتخاذ می کرد. قدم زنان از اسکه ای عبور کرد که کشتی ها در حال تخلیه بار های میوه بودند. به آبهای تیره نگاه کرد و نفس عمیقی کشید.نه این گناهی نبود که بتوان بخشید. آهی کشید و تصمیم گرفت مرامش را اصلاح کند. دیگر هرگز روی برگه رای نخواهد نوشت کارل اسمیت.",,,,,,,,,,
